clicktale.net,www-alb-prod-us-east-1-1288082408.us-east-1.elb.amazonaws.com.
dreamstime.com,dreamstime.com.
ustream.tv,lb-web.ustream.tv.
aihelp.net,aihelp.net.
co.com,NA
ecer.com,NA
softlayer.com,NA
bridgebase.com,lbsl1.bridgebase.com.
democracynow.org,NA
mooo.com,NA
city-data.com,city-data.com.
internetdownloadmanager.com,NA
tekrom.com,tekrom.com.
loudtalks.com,NA
japan-guide.com,japan-guide.com.
insurancejournal.com,NA
swiftype.com,external-svc-dal.swiftype.net.
modaselvim.com,modaselvim.com.
tatasteel.co.in,tatasteel.co.in.
smokva.com,array-dal10.smokva.com.
pazarium.com.tr,NA
freakonomics.com,NA
zamzar.com,NA
papertrailapp.com,papertrailapp.com.
innity.com,NA
itsecure.co.in,itsecure.co.in.
webserversystems.com,NA
crooksandliars.com,sam.crooksandliars.com.
emergencyemail.org,NA
chickenkiller.com,NA
mylivechat.com,NA
casibom792.com,NA
cloudant.com,cloudant.com.
casibom738.com,NA
casibom731.com,NA
funtrivia.com,NA
bkmkitap.com,NA
maas360.com,NA
ignorelist.com,NA
namespro.ca,namespro.ca.
apsense.com,NA
blogsome.com,NA
toshiba-solutions.com,toshiba-solutions.com.
techmeme.com,NA
botim.me,botim.me.
heberjahiz.com,NA
domainit.com,domainit.com.
crabdance.com,NA
ipc365.com,NA
w3.com,NA
slashkey.com,NA
registeridm.com,NA
onmilwaukee.com,NA
bimmerpost.com,NA
toptracer.com,toptracer.com.
dermoeczanem.com,dermoeczanem.com.
wordsmith.org,NA
breinify.com,NA
strangled.net,NA
easypost.com,wp.wpenginepowered.com.
chcarolinaherrera.com,chcarolinaherrera.com.
webwire.com,NA
bitspower.com,NA
soychile.cl,NA
mi-idc.com,NA
online-pedigrees.com,NA
ruby-doc.org,NA
perkinelmer.com,perkinelmer.edgesuite.net.
purificaciongarcia.com,NA
sdasystems.org,NA
voipwelcome.com,voipwelcome.com.
aihelp.net.cn,NA
8notes.com,NA
conceptcarz.com,NA
ev1servers.net,NA
tpondemand.com,NA
dxn2u.com,NA
law360news.com,law360news.com.
casibom747.com,NA
abidjan.net,NA
easyhits4u.com,easyhits4u.com.
brandreward.com,brandreward.com.
imleagues.com,NA
winxdvd.com,NA
illicitencounters.com,primary-ie-lb-1-99463-dal13.clb.appdomain.cloud.
wtennis.com.br,www.wtennis.com.br.cdn.cloudflare.net.
emol.cl,ip13.yah.cl.
calendarwiz.com,NA
videoproc.com,NA
fantasyfeeder.com,NA
advisorkhoj.com,advisorkhoj.com.
tvchix.com,NA
lufian.com,lufian.com.
abramsbooks.com,NA
ffsng.com,NA
bigfix.com,NA
yuppcdn.net,NA
kawaiianimes.app,NA
dnslinks.net,NA
kayako.net,kayako.net.
tonec.com,NA
car2go.com,NA
modamerve.com,modamerve.com.
avtodnestr.com,ghs.googlehosted.com.
turbo-smtp.com,NA
active-dns.com,NA
thegeekstuff.com,thegeekstuff.com.
sysoon.com,NA
concrete.org,concrete.org.
5kplayer.com,NA
grammarbook.com,grammarbook.com.
e90post.com,NA
ringfree.biz,ringfree.biz.
jumpingcrab.com,NA
softlayer.net,NA
driverguide.com,dg-ibm-lb2-108671-dal13.clb.appdomain.cloud.
historyvshollywood.com,NA
allautonetwork.com,allautonetwork.com.
clksite.com,clksite.com.
girlsdump.com,NA
ozarksgo.net,ozarksgo.net.
intadx.com,intadx.com.
super-chameleon.com,NA
twilightparadox.com,NA
somosnews.com.mx,cdn.redtranet.com.mx.
paymentwall.com,NA
icr.io,NA
soundbible.com,soundbible.com.
jclark.com,jclark.com.
benchprep.com,cdn.webflow.com.
gameranger.com,NA
claimsjournal.com,NA
anveo.net,NA
vsurv.com,NA
ddxdental.com,NA
spicerackapps.com,spicerackapps.com.
navsource.org,;; communications error to 127.0.0.53#53: timed out
cognitiveseo.com,NA
akaqa.com,NA
ibm.biz,ibm.biz.
casibom784.com,NA
pdd24.com,NA
begellhouse.com,NA
link-url.io,NA
netskope.net,NA
casibom721.com,NA
cognitiveclass.ai,NA
managedns.org,NA
myfocuspos.com,NA
casibom745.com,NA
publishersmarketplace.com,NA
casibom734.com,NA
camaro5.com,NA
centralops.net,centralops.net.
seniorcloud.com.br,NA
sendthisfile.com,sendthisfile.com.
federate365.com,NA
acherryontop.com,NA
ucn.cl,NA
fmps.ma,NA
legendarymails.com,legendarymails.com.
stockq.org,stockq.org.
turbo-smtp.net,NA
chatroll.com,NA
deeperbydesign.com,NA
direnc.net,direnc.net.
zellowork.com,NA
relmax.net,relmax.net.
railpictures.net,NA
lakehouse.com,NA
oge.gov,oge.gov.
cocinavital.mx,cdn.redtranet.com.mx.
ehealthme.com,ehealthme.com.
fywkuzp.ru,;; communications error to 127.0.0.53#53: timed out
blamzhzitecom.com,;; communications error to 127.0.0.53#53: timed out
asperafiles.com,files.asperafiles.com.
heyday.io,heyday.io.
datasheetcatalog.com,;; communications error to 127.0.0.53#53: timed out
dhimgs.com,dhimgs.com.
czechvideo.co,NA
mcnemanager.com,NA
loudtalks.net,NA
macxdvd.com,NA
thomhartmann.com,varnish.thomhartmann.com.
prodominios.com,prodominios.com.
mandumah.com,NA
guestdns.com,;; communications error to 127.0.0.53#53: timed out
privatedns.org,NA
mine.bz,NA
modeloinicial.com.br,NA
cortland.com,cortland.com.
clearleap.com,NA
serverpit.com,NA
camaro6.com,NA
jonahdigital.com,NA
ijex.com,NA
doctorslounge.com,;; communications error to 127.0.0.53#53: timed out
mandolincafe.com,NA
120v.ac,NA
pawnmate.net,pawnmate.net.
smacc.com,smacc.com.
wbnsou.ac.in,wbnsou.ac.in.
aker.com.tr,NA
stormline.com,NA
evdeeczane.com,evdeeczane.com.
motomax.com.tr,motomax.com.tr.
qualitydigest.com,NA
morphogine.com,morphogine.com.
dhalam.xyz,NA
ft86club.com,NA
ccfa.org,NA
123passportphoto.com,NA
meshimer.com,NA
confesol.com.br,NA
dxn2u.net,dxns1.dxn2u.net.
avxforum.hu,NA
klaudiofashion.com,klaudiofashion.com.
free-website-hit-counter.com,free-website-hit-counter.com.
arkadas.com.tr,NA
acmsnet.org,NA
clipescola.com.br,a.clipescola.com.br.
pidilite.vc,NA
rallyacespoker.com,rallyacespoker.com.
safe.moe,NA
sureprep.com,sureprep.com.
tacticaltrappingservices.com,NA
ceufast.com,NA
gantnews.com,gantnews.com.
tekerteker.com,tekerteker.com.
pakasak.com,NA
guioteca.com,;; communications error to 127.0.0.53#53: timed out
dondeir.com,cdn.redtranet.com.mx.
stonecontact.com,NA
chilimovie.com,NA
sabra.org.br,NA
topgolfmedia.com,topgolfmedia.com.
calculatehours.com,calculatehours.com.
the12volt.com,NA
kitapsepeti.com,NA
urbanek.info,NA
carriermanagement.com,NA
theravive.com,NA
heng456.com,NA
xbimmers.com,NA
nausicaa.net,NA
terragalleria.com,NA
blgmediagroup.com,NA
lhmailer9.com,NA
icserv.net,NA
entensity.net,entensity.net.
sitemapx.com,NA
m3post.com,NA
golfmk7.com,NA
brightfiredns.com,NA
live-timing.com,NA
unimedjf.coop.br,NA
seade.gov.br,NA
redirdom.com,NA
rucoyonline.com,dimensional-beet-0q1xyz4u8wxxzo19wnqqi3ru.herokudns.com.
inmatrix.com,NA
cruisecompete.com,NA
twinlemon.com,NA
fraudday.com,NA
cointrackers.com,cointrackers.com.
weblocal.com.br,weblocal.com.br.
casibom704.com,NA
casibom714.com,NA
casibom717.com,NA
casibom723.com,NA
casibom726.com,NA
casibom732.com,NA
casibom736.com,NA
casibom741.com,NA
casibom742.com,NA
d-n-s.name,NA
ad-visorads.com,NA
apprubeus.com.br,NA
mysuite.com.br,NA
luckynoon.com,NA
itnow.es,d6ff4ee8-eu-de.lb.appdomain.cloud.
offerwall.com.br,NA
solarnavigator.net,solarnavigator.net.
hostignition.com,hostignition.com.
suantispam.com,NA
agentlocator.ca,NA
myeconinc.com,myeconinc.com.
1addicts.com,NA
mindzplay.com,NA
storagearea.com,NA
ragingbullmails.com,NA
nvnews.net,NA
oberlin.net,NA
fairtax.org,fairtax.org.
69.mu,NA
topchinatravel.com,NA
coupongreat.com,coupongreat.com.
chicagomotorcars.com,chicagomotorcars.com.
kikajoy.com,kikajoy.com.
namsys.net,NA
myweblinx.net,myweblinx.net.
chinacsw.com,chinacsw.com.
drinkflutteringodd.com,NA
redsift.cloud,redsift.cloud.
alateen.org,NA
ehealth-id.net,NA
nealstephenson.com,NA
the-nextlevel.com,the-nextlevel.com.
mujerde10.com,cdn.redtranet.com.mx.
digiwest.net,digiwest.net.
port0.org,NA
stantons.com,NA
flappy-bird.co,NA
jbservers.net,jbservers.net.
aiarty.com,NA
campaignmoney.com,NA
isbiryatak.com,isbiryatak.com.
toad.social,NA
weatherwx.com,weatherwx.com.
frameiteasy.com,NA
mybusplanner.ca,NA
bushorchimp.com,bushorchimp.com.
ielts-writing.info,ielts-writing.info.
goals365.com,strlb-384907030.us-east-1.elb.amazonaws.com.
futboltotal.com.mx,cdn.redtranet.com.mx.
buracoon.com.br,NA
jabcomix.com,jabcomix.com.
ticketer.org.uk,NA
stockfreeimages.com,stockfreeimages.com.
tommylife.com.tr,NA
datasheetcatalog.org,NA
uni.cx,NA
xxjcy.com,NA
extns.net,extns.net.
apleona.net,NA
clkdeals.com,clkdeals.com.
lillian-too.com,NA
marochost.com,NA
racingcircuits.info,racingcircuits.info.
ru.domains,NA
jonahsystems.com,NA
7pass.org,NA
oriontalent.com,oriontalent.com.
chatroll-cloud-1.com,NA
planetcalypsoforum.com,NA
slotsofvegasupdates.com,slotsofvegasupdates.com.
cistest-load.com,;; communications error to 127.0.0.53#53: timed out
tcadmin.net,NA
captainjackmail.com,captainjackmail.com.
spellsofmagic.com,NA
biopublisher.cn,NA
404.mn,;; communications error to 127.0.0.53#53: timed out
serveast.net,serveast.net.
forumcircle.com,forumcircle.com.
braid-game.com,NA
my-domain-name.net,;; communications error to 127.0.0.53#53: timed out
hatchmag.com,hatchmag.com.
jkmail10.com,NA
designmaral.com,NA
wibmail7.com,NA
ticketsupply.com,NA
gurudns.net,gurudns.net.
countrywireless.biz,NA
hairhair.ru,NA
pl.com,NA
iphonefaq.org,iphonefaq.org.
l-tailor.ru,l-tailor.ru.
fhnfuneralhome.com,fhnfuneralhome_com.custwww.f1connect.net.
hexillion.com,hexillion.com.
inteledirect.com,NA
mahacet.org.in,NA
mvs.com.mx,NA
playboy.com.mx,NA
norushcharge.com,;; communications error to 127.0.0.53#53: timed out
mediagazer.com,NA
mydecibel.com,NA
meglioseconviene.eu,;; communications error to 127.0.0.53#53: timed out
pusilkom.com,NA
lik-sang.com,NA
5post.com,NA
gkatsov.com,gkatsov.com.
mercuriovalpo.cl,papeldigital.soy-chile.cl.
bogportalen.dk,bogportalen.dk.
trevnet.net,trevnet.net.
efact.pe,NA
gardeningblog.net,NA
msbte.co.in,NA
bigpurpledot.com,NA
slotsgardenmail.com,slotsgardenmail.com.
presensoft.com,NA
pnetserver.net,pnetserver.net.
partnerim.com,partnerim.com.
uniremington.edu.co,NA
domzy.com,NA
nomiservices.com,portal.nomiservices.com.s3-website-us-east-1.amazonaws.com.
performanceonline.com,shops.myshopify.com.
ozarksecc.com,7dfa1023ed941ef9.vercel-dns-016.com.
fasterdns.net,fasterdns.net.
gantdaily.com,gantdaily.com.
xcycom.net,NA
fiber-opticswitch.com,fiber-opticswitch.com.
kozmela.com,NA
host-my-website.com,host-my-website.com.
mysuite1.com.br,NA
sunriseupdates.com,sunriseupdates.com.
starsip.in,starsip.in.
tepehome.com.tr,NA
khipu.com,NA
hubindustrial.com,NA
ehana.com,ext-cust.squarespace.com.
jazz.net,NA
sss-steel.com,NA
dharma.org,NA
movingupcareers.com,NA
policardbh.com.br,web2.task.com.br.
adforgames.com,NA
blueworkslive.com,NA
hazegray.org,;; communications error to 127.0.0.53#53: timed out
securitynational.com,securitynational.com.
meragana.com,NA
serversmtp.com,NA
guidancedevelopment.net,guidancedevelopment.net.
ip-rs.si,NA
spintoband.com,spintoband.com.
hostingmundial.net,hostingmundial.net.
maga.black,maga.black.
elektromarketim.com,NA
freepressers.com,freepressers.com.
stanecdote.com,NA
4sgm.com,NA
pensebig.com.br,NA
stub.com,NA
carion.com.sg,carion.com.sg.
gestaodeconcursos.com.br,NA
beachhouse.com,beachhouse.com.
velikorodnov.com,NA
whm1.com,whm1.com.
memory-of.com,memory-of.com.
adoremobilya.com,NA
danqzq.games,danqzq.github.io.
toyotomi.jp,NA
alertsec.com,NA
tpondemand.net,NA
publicrecordsreviews.com,NA
gizia.com,shops.myshopify.com.
countrycallingcodes.com,countrycallingcodes.com.
sbing.com,sbing.com.
rusforum.com,rusforum.com.
assetsdelivery.com,NA
rtndev.com,NA
en-network.com,en-network.com.
himfr.com,;; communications error to 127.0.0.53#53: timed out
theamericandossier.com,theamericandossier.com.
vestedbb.com,NA
crimelibrary.org,NA
slotmadnessmail.com,slotmadnessmail.com.
sclass88.app,NA
stormtechperformance.com,www.stormtechperformance.com.00d8c000007uz1oeaw.live.siteforce.com.
everyonepiano.com,NA
mooball.net,NA
azul.com.br,azul.com.br.
naturalgasworld.com,naturalgasworld.com.
astera.coop,NA
bestkenko.com,NA
buracocanastra.com.br,buracocanastra.com.br.
icsgo.com.br,icsgo.com.br.
kusuriexpress.com,NA
jobsintrucks.com,NA
messergroup.com,NA
cignalmedia.com,cignalmedia.com.
securitydocumentsmaroc.com,NA
